编号,学校,题目,作者,年份,学位与方向,主题,与星迹智绘相关度,材料等级,来源性质,来源链接,交叉核对来源,本地材料,全文状态,研究框架（摘要归纳）,论文框架（公开目录）,核实限制
TJ01,同济大学,同地VR中面向联合行动的虚拟移动设计研究,赵茁栋,2025（页面年份）,交互设计方向；工程硕士（导师主页标注）,VR协作,中,B1 公开摘要与目录,导师主页链接的实验室公开页面；非学校论文全文库,https://www.daelab.cn/dis_zhaozhuodong_2025/,https://tongji.teacher.360eol.com/teacherBasic/preview?jump=1&teacherId=15500,公开摘要目录/dis_zhaozhuodong_2025.txt,未取得全文PDF,联合行动理论与相关研究 → 分析多人移动和活动区域 → 提取设计要素 → 构建设计框架及系统 → 用户测试。,第1章 绪论 → 第2章 研究综述 → 第3章 多人移动中的联合行动模式分析 → 第4章 同地VR活动区域设计要素提取 → 第5章 面向联合行动的虚拟移动系统设计框架 → 第6章 面向联合行动的虚拟移动系统设计与实现 → 第7章 面向联合行动的虚拟移动系统的用户测试 → 第8章 总结与展望,目录第五章的部分小节出现游戏类型、干预模块等措辞，与主题衔接不清；章级结构可参考，小节应以原论文核实。
TJ02,同济大学,基于生成式智能体的焦虑缓释严肃游戏设计研究,李佳乐,2025（页面年份）,交互设计方向；工程硕士（导师主页标注）,生成式智能体／严肃游戏,高,B1 公开摘要与目录,导师主页链接的实验室公开页面；非学校论文全文库,https://www.daelab.cn/dis_lijiale_2025/,https://tongji.teacher.360eol.com/teacherBasic/preview?jump=1&teacherId=15500,公开摘要目录/dis_lijiale_2025.txt,未取得全文PDF,相关理论与设计策略 → CBT游戏机制 → 生成式智能体系统 → 应用开发及迭代 → 组间对比实验。,第1章 引言 → 第2章 设计策略 → 第3章 CBT游戏设计 → 第4章 智能体系统实现 → 第5章 应用开发及迭代 → 第6章 用户实验 → 第7章 结论与展望,未获取全文，不能核查实验统计与效应大小。
TJ03,同济大学,癌症患儿健康干预严肃游戏设计研究——以白血病患儿的饮食健康管理严肃游戏为例,简雯,2025（页面年份）,交互设计方向；工程硕士（导师主页标注）,参与式设计／严肃游戏,高,B1 公开摘要与目录,导师主页链接的实验室公开页面；非学校论文全文库,https://www.daelab.cn/dis_jianwen_2025/,https://tongji.teacher.360eol.com/teacherBasic/preview?jump=1&teacherId=15500,公开摘要目录/dis_jianwen_2025.txt,未取得全文PDF,文献与访谈 → 用户需求和初步方案 → 前测识别认知边界 → 参与式工作坊 → 游戏设计 → 评估验证。,第1章 绪论 → 第2章 癌症患儿健康干预与严肃游戏相关理论与研究 → 第3章 用户研究与初步方案构建 → 第4章 前测实验：认知能力边界测量与设计原则提炼 → 第5章 参与式设计工作坊 → 第6章 癌症患儿饮食管理严肃游戏设计实践 → 第7章 设计评估与验证 → 第8章 总结与展望,健康干预的评价指标不能直接移植到绘画辅助。
TJ04,同济大学,以研究时间感知如何影响决策过程为目的的严肃游戏设计,Buerger Maria Emilie,2025（页面年份）,媒体与传达方向；双学位项目，学位名称待封面核实,游戏作为研究工具,中,B1 公开摘要与目录,导师主页链接的实验室公开页面；非学校论文全文库,https://www.daelab.cn/dis_maria_2025/,https://tongji.teacher.360eol.com/teacherBasic/preview?jump=1&teacherId=15500,公开摘要目录/dis_maria_2025.txt,未取得全文PDF,时间感知与决策研究 → 构建实体与AR结合的游戏 → 设置体验情境 → 观察决策与开展实验 → 讨论。,Chapter 1 Introduction → Chapter 2 Literature Review → Chapter 3 Design → Chapter 4 Experiment → Chapter 5 Conclusion and Outlook,公开目录为英文；不同合作院校页面的英文题名存在措辞差异，正式引用需核对学位封面。
TJ05,同济大学,鸟瞰视角VR游戏交互界面设计研究——以RTT游戏为例,周静娱,2025（页面年份）,交互设计方向；工程硕士（导师主页标注）,交互界面／对比实验,最高,B1 公开摘要与目录,导师主页链接的实验室公开页面；非学校论文全文库,https://www.daelab.cn/dis_zhoujingyu_2025/,https://tongji.teacher.360eol.com/teacherBasic/preview?jump=1&teacherId=15500,公开摘要目录/dis_zhoujingyu_2025.txt,未取得全文PDF,文献与设计原则 → 制作两种交互界面 → 预实验与迭代 → 被试内对比实验 → 定量、定性分析。,第1章 引言 → 第2章 鸟瞰视角VR游戏交互界面设计原则 → 第3章 实验材料交互界面设计与开发 → 第4章 预实验及鸟瞰视角VR交互界面设计迭代 → 第5章 鸟瞰视角VR游戏交互界面实验研究 → 第6章 结论与展望,摘要和目录支持研究组织方式，具体实验细节仍需全文。
TJ06,同济大学,游戏化虚拟展馆体验设计研究,陈星珲,2024（页面年份）,媒体与传达方向；工程硕士（导师主页标注）,体验设计／游戏化,高,B1 公开摘要与目录,导师主页链接的实验室公开页面；非学校论文全文库,https://www.daelab.cn/dis_chenxinghui_2024/,https://tongji.teacher.360eol.com/teacherBasic/preview?jump=1&teacherId=15500,公开摘要目录/dis_chenxinghui_2024.txt,未取得全文PDF,体验与游戏化理论 → 建立展馆体验策略 → 虚拟展馆设计实践 → 用户体验测试。,第1章 引言 → 第2章 虚拟展馆的相关研究概述 → 第3章 游戏化虚拟展馆体验设计策略 → 第4章 游戏化虚拟展馆体验设计实践 → 第5章 游戏化虚拟展馆体验设计的用户测试 → 第6章 总结与展望,未读取完整量表与原始结果，不据摘要认定全部体验维度改善。
TJ07,同济大学,VR场景下间接虚拟屏幕的多点触控交互设计研究,张慕财,2024（页面年份）,交互设计方向；工程硕士（导师主页标注）,多点触控／原型验证,最高,B1 公开摘要与目录,导师主页链接的实验室公开页面；非学校论文全文库,https://www.daelab.cn/dis_zhangmucai_2024/,https://tongji.teacher.360eol.com/teacherBasic/preview?jump=1&teacherId=15500,公开摘要目录/dis_zhangmucai_2024.txt,未取得全文PDF,相关理论 → 初步效率与准确度对比 → 发现多点手势问题 → 提炼设计原则 → 开发原型 → 再次对比测试。,第1章 引言 → 第2章 VR基础交互设计理论研究 → 第3章 间接虚拟屏幕交互效率与准确度的对比实验 → 第4章 VR环境中间接多点触控的交互设计原则 → 第5章 VR间接多点触控的设计实践 → 第6章 设计原型的对比实验 → 第7章 结论与展望,前测并非所有指标都理想，不能将研究概括为技术天然优越。
TJ08,同济大学,面向公众环境教育的严肃游戏设计——以城市野生动物与人的关系为议题,古坷懿,2024（页面年份）,媒体与传达方向；工程硕士（导师主页标注）,环境教育／说服性游戏,中,B1 公开摘要与目录,导师主页链接的实验室公开页面；非学校论文全文库,https://www.daelab.cn/dis_gukeyi_2024/,https://tongji.teacher.360eol.com/teacherBasic/preview?jump=1&teacherId=15500,公开摘要目录/dis_gukeyi_2024.txt,未取得全文PDF,说服性游戏与环境教育研究 → 界定人与城市野生动物的议题 → 转化为设计策略 → 游戏设计实践。,第1章 绪论 → 第2章 严肃游戏与公众说服 → 第3章 面向环境教育的严肃游戏 → 第4章 城市野生动物与人的关系问题初探 → 第5章 以城市野生动物为议题的严肃游戏设计实践 → 第6章 总结与展望,未发现明确对照实验信息，不补写样本、量表或实验结果。
TJ09,同济大学,VR交互叙事语境下的引导线索设计研究,贺蒽堂,2023（页面年份）,交互设计方向；工程硕士（导师主页标注）,引导线索／注意与自主性,最高,B2 摘要；目录错配,导师主页链接的实验室公开页面；非学校论文全文库,https://www.daelab.cn/dis_heentang_2023/,https://tongji.teacher.360eol.com/teacherBasic/preview?jump=1&teacherId=15500,公开摘要目录/dis_heentang_2023.txt,未取得全文PDF,认知信息加工相关研究 → 建立引导线索设计思路 → 叙事作品原型 → 选取片段 → 组间实验评价。,不可采用：公开目录错配,重要异常：网页目录与题目、摘要不匹配。本报告不将其当作真实论文框架；仅依据摘要归纳研究链条。
TJ10,同济大学,服务于第二语言文化认知的VR教育游戏设计研究——以对外汉语教育游戏为例,罗珍,2023（页面年份）,媒体与传达方向；工程硕士（导师主页标注）,教育游戏／用户研究,高,B1 公开摘要与目录,导师主页链接的实验室公开页面；非学校论文全文库,https://www.daelab.cn/dis_luozhen_2023/,https://tongji.teacher.360eol.com/teacherBasic/preview?jump=1&teacherId=15500,公开摘要目录/dis_luozhen_2023.txt,未取得全文PDF,文献与已有应用研究 → 问卷、访谈及用户反馈 → 人物画像与需求 → 教育游戏设计 → 测试评估。,第1章 绪论 → 第2章 VR汉语教育游戏相关研究基础 → 第3章 服务于文化认知的VR汉语教育游戏的用户研究 → 第4章 服务于文化认知的VR汉语教育游戏的设计实践 → 第5章 VR汉语教育游戏的测试与评估 → 第6章 结论与展望,不能把短期使用体验直接当作长期学习效果。
TJ11,同济大学,基于视觉注意机制的战斗机下视显示界面布局设计研究,李林键,2023（页面年份）,交互设计方向；工程硕士（导师主页标注）,视觉注意／界面布局,中,B1 公开摘要与目录,导师主页链接的实验室公开页面；非学校论文全文库,https://www.daelab.cn/dis_lilinjian_2023/,https://tongji.teacher.360eol.com/teacherBasic/preview?jump=1&teacherId=15500,公开摘要目录/dis_lilinjian_2023.txt,未取得全文PDF,视觉注意理论 → 界面布局原则 → 场景化界面方案 → 模拟系统实验 → 行为、负荷与访谈分析。,第1章 引言 → 第2章 战斗机下视显示界面设计与视觉注意机制基础理论概述 → 第3章 基于视觉注意机制的下视显示界面布局设计原则 → 第4 章战斗机下视显示界面布局设计应用 → 第5章 战斗机下视显示界面布局实验研究 → 第6章 结论与展望,与绘画场景距离较远；不作为题材或具体界面内容的直接范本。
TJ12,同济大学,用于对外汉语学习的AR情景抽认卡设计研究,Nicolo’ Azzolin（尼克；导师主页署名）,2023（页面年份）,交互设计方向；双学位项目，学位名称待封面核实,移动AR／教育应用,最高,B1 公开摘要与目录,导师主页链接的实验室公开页面；非学校论文全文库,https://www.daelab.cn/dis_nicolos_2023/,https://tongji.teacher.360eol.com/teacherBasic/preview?jump=1&teacherId=15500,公开摘要目录/dis_nicolos_2023.txt,未取得全文PDF,学习与情境记忆研究 → 抽认卡使用调研 → 移动AR及图像识别方案 → 启发式、专家与学习者评价。,CHAPTER 1 INTRODUCTION → CHAPTER 2 LITERATURE REVIEW → CHAPTER 3 METHODOLOGY → CHAPTER 4 RESULTS → CHAPTER 5 DISCUSSION AND INTERPRETATION → CHAPTER 6 DESIGN AND DEVELOPMENT → CHAPTER 7 CONCLUSIONS AND LIMITATIONS,不将动机或可用性评价等同于已经证明学习成绩提高。
TJ13,同济大学,基于体验的4DVR交互媒体设计研究,郭钦,2021（页面年份）,交互媒体方向；艺术硕士,体验驱动／系统实现,中,B1 公开摘要与目录,导师主页链接的实验室公开页面；非学校论文全文库,https://www.daelab.cn/dis_guoqin_2021/,https://tongji.teacher.360eol.com/teacherBasic/preview?jump=1&teacherId=15500,公开摘要目录/dis_guoqin_2021.txt,未取得全文PDF,文献与产品研究 → 体验设计原则 → 系统设计与技术实现 → 用户体验实验。,第1章 引言 → 第2章 文献综述 → 第3章 《4DVR J15舰载机模拟训练系统》设计 → 第4章 二自由度运动平台运动控制 → 第5章 视觉内容开发流程及优化 → 第6章 程序化建模及着色器编程 → 第7章 用户体验研究实验 → 第8章 结论与展望,技术章节比例较高，不宜整套照搬为设计学论文的通用结构。
TJ14,同济大学,跨VR多设备应用的用户体验一致性研究——以VR严肃游戏《镜头语言虚拟实验》为例,谢天,2022（页面年份）,交互设计方向；工程硕士（导师主页标注）,跨设备／体验一致性,高,B1 公开摘要与目录,导师主页链接的实验室公开页面；非学校论文全文库,https://www.daelab.cn/dis_xietian_2022/,https://tongji.teacher.360eol.com/teacherBasic/preview?jump=1&teacherId=15500,公开摘要目录/dis_xietian_2022.txt,未取得全文PDF,相关研究 → 分层的一致性设计框架 → VR、PC与移动端原型 → 用户验证与评价。,第1章 引言 → 第2章 文献综述 → 第3章 一致性设计框架与方法 → 第4章 一致性设计实践 → 第5章 设计验证与评价 → 第6章 总结与展望,多设备一致性是独立议题，不必为扩大项目范围额外加入你的论文。
TJ15,同济大学,基于情感化理论的定格动画网站设计,待核实,待核实,官方MFA专业硕士作品与论文名单；正式题名待封面核对,网站／情感化,高,C1 官方题名名单,同济大学官方实验室网站,https://amlab.tongji.edu.cn/info/1531/1582.htm,,来源存档/同济_MFA作品与论文名单.txt,未取得全文PDF,未知：题名不能证明具体研究方法,未知：未取得目录,名单混合“作品与论文”，不能据此断言题名与最终学位论文封面完全一致。
TJ16,同济大学,基于虚拟现实技术的娱乐体验设计——以VR游戏《鲸屿》创作为例,待核实,待核实,官方MFA专业硕士作品与论文名单；正式题名待封面核对,VR体验,中,C1 官方题名名单,同济大学官方实验室网站,https://amlab.tongji.edu.cn/info/1531/1582.htm,,来源存档/同济_MFA作品与论文名单.txt,未取得全文PDF,未知：题名不能证明具体研究方法,未知：未取得目录,名单混合“作品与论文”，不能据此断言题名与最终学位论文封面完全一致。
TJ17,同济大学,基于敏捷交互设计的用户体验方法研究与实践,待核实,待核实,官方MFA专业硕士作品与论文名单；正式题名待封面核对,设计方法,中,C1 官方题名名单,同济大学官方实验室网站,https://amlab.tongji.edu.cn/info/1531/1582.htm,,来源存档/同济_MFA作品与论文名单.txt,未取得全文PDF,未知：题名不能证明具体研究方法,未知：未取得目录,名单混合“作品与论文”，不能据此断言题名与最终学位论文封面完全一致。
TJ18,同济大学,以自由意志为主题的综合材料艺术创作研究——风筝互动装置作品,待核实,待核实,官方MFA专业硕士作品与论文名单；正式题名待封面核对,互动装置,中,C1 官方题名名单,同济大学官方实验室网站,https://amlab.tongji.edu.cn/info/1531/1582.htm,,来源存档/同济_MFA作品与论文名单.txt,未取得全文PDF,未知：题名不能证明具体研究方法,未知：未取得目录,名单混合“作品与论文”，不能据此断言题名与最终学位论文封面完全一致。
TJ19,同济大学,基于开放式橱窗的多模式交互系统设计,待核实,待核实,官方MFA专业硕士作品与论文名单；正式题名待封面核对,多模态交互,中,C1 官方题名名单,同济大学官方实验室网站,https://amlab.tongji.edu.cn/info/1531/1582.htm,,来源存档/同济_MFA作品与论文名单.txt,未取得全文PDF,未知：题名不能证明具体研究方法,未知：未取得目录,名单混合“作品与论文”，不能据此断言题名与最终学位论文封面完全一致。
TJ20,同济大学,回归“单纯”—绘画艺术与互动装置创作实践研究,待核实,待核实,官方MFA专业硕士作品与论文名单；正式题名待封面核对,绘画／互动艺术,高,C1 官方题名名单,同济大学官方实验室网站,https://amlab.tongji.edu.cn/info/1531/1582.htm,,来源存档/同济_MFA作品与论文名单.txt,未取得全文PDF,未知：题名不能证明具体研究方法,未知：未取得目录,名单混合“作品与论文”，不能据此断言题名与最终学位论文封面完全一致。
TJ21,同济大学,基于交互心理体验的情绪可视化设计,待核实,待核实,官方MFA专业硕士作品与论文名单；正式题名待封面核对,情绪／可视化,中,C1 官方题名名单,同济大学官方实验室网站,https://amlab.tongji.edu.cn/info/1531/1582.htm,,来源存档/同济_MFA作品与论文名单.txt,未取得全文PDF,未知：题名不能证明具体研究方法,未知：未取得目录,名单混合“作品与论文”，不能据此断言题名与最终学位论文封面完全一致。
TJ22,同济大学,焦虑——基于VR技术的沉浸式体验装置,待核实,待核实,官方MFA专业硕士作品与论文名单；正式题名待封面核对,VR装置,中,C1 官方题名名单,同济大学官方实验室网站,https://amlab.tongji.edu.cn/info/1531/1582.htm,,来源存档/同济_MFA作品与论文名单.txt,未取得全文PDF,未知：题名不能证明具体研究方法,未知：未取得目录,名单混合“作品与论文”，不能据此断言题名与最终学位论文封面完全一致。
TJ23,同济大学,交互设计在线学习平台网站设计,肖静如,待核实,官方MFA专业硕士作品与论文名单；正式题名待封面核对,教育网站,高,C1 官方题名名单,同济大学官方实验室网站,https://amlab.tongji.edu.cn/info/1531/1582.htm,https://am.tongji.edu.cn/info/1123/2164.htm,来源存档/同济_MFA作品与论文名单.txt,未取得全文PDF,未知：题名不能证明具体研究方法,未知：未取得目录,名单混合“作品与论文”，不能据此断言题名与最终学位论文封面完全一致。
TJ24,同济大学,基于城市道路场景的车载HUD与中控屏交互设计研究,熊冀嘉,待核实,官方MFA专业硕士作品与论文名单；正式题名待封面核对,HMI,中,C1 官方题名名单,同济大学官方实验室网站,https://amlab.tongji.edu.cn/info/1531/1582.htm,https://am.tongji.edu.cn/info/1123/2164.htm,来源存档/同济_MFA作品与论文名单.txt,未取得全文PDF,未知：题名不能证明具体研究方法,未知：未取得目录,名单混合“作品与论文”，不能据此断言题名与最终学位论文封面完全一致。
TJ25,同济大学,以个性化需求为导向的艺术品线上交易网站的界面设计研究,待核实,待核实,官方MFA专业硕士作品与论文名单；正式题名待封面核对,网站界面,高,C1 官方题名名单,同济大学官方实验室网站,https://amlab.tongji.edu.cn/info/1531/1582.htm,,来源存档/同济_MFA作品与论文名单.txt,未取得全文PDF,未知：题名不能证明具体研究方法,未知：未取得目录,名单混合“作品与论文”，不能据此断言题名与最终学位论文封面完全一致。
TJ26,同济大学,基于中国老龄化社会的社区服务体系的交互设计实践,待核实,待核实,官方MFA专业硕士作品与论文名单；正式题名待封面核对,服务交互,中,C1 官方题名名单,同济大学官方实验室网站,https://amlab.tongji.edu.cn/info/1531/1582.htm,,来源存档/同济_MFA作品与论文名单.txt,未取得全文PDF,未知：题名不能证明具体研究方法,未知：未取得目录,名单混合“作品与论文”，不能据此断言题名与最终学位论文封面完全一致。
TJ27,同济大学,基于上海南站大型商业空间文化塑造的交互创作实践,待核实,待核实,官方MFA专业硕士作品与论文名单；正式题名待封面核对,空间交互,中,C1 官方题名名单,同济大学官方实验室网站,https://amlab.tongji.edu.cn/info/1531/1582.htm,,来源存档/同济_MFA作品与论文名单.txt,未取得全文PDF,未知：题名不能证明具体研究方法,未知：未取得目录,名单混合“作品与论文”，不能据此断言题名与最终学位论文封面完全一致。
TJ28,同济大学,基于增强现实的健身交互软件设计概念,待核实,待核实,官方MFA专业硕士作品与论文名单；正式题名待封面核对,AR应用,中,C1 官方题名名单,同济大学官方实验室网站,https://amlab.tongji.edu.cn/info/1531/1582.htm,,来源存档/同济_MFA作品与论文名单.txt,未取得全文PDF,未知：题名不能证明具体研究方法,未知：未取得目录,名单混合“作品与论文”，不能据此断言题名与最终学位论文封面完全一致。
TJ29,同济大学,大数据时代下的公民隐私危机——交互艺术创作实践,待核实,待核实,官方MFA专业硕士作品与论文名单；正式题名待封面核对,交互艺术,中,C1 官方题名名单,同济大学官方实验室网站,https://amlab.tongji.edu.cn/info/1531/1582.htm,,来源存档/同济_MFA作品与论文名单.txt,未取得全文PDF,未知：题名不能证明具体研究方法,未知：未取得目录,名单混合“作品与论文”，不能据此断言题名与最终学位论文封面完全一致。
TJ30,同济大学,互动纪录片中交互性的探索,待核实,待核实,官方MFA专业硕士作品与论文名单；正式题名待封面核对,交互叙事,中,C1 官方题名名单,同济大学官方实验室网站,https://amlab.tongji.edu.cn/info/1531/1582.htm,,来源存档/同济_MFA作品与论文名单.txt,未取得全文PDF,未知：题名不能证明具体研究方法,未知：未取得目录,名单混合“作品与论文”，不能据此断言题名与最终学位论文封面完全一致。
TJ31,同济大学,“过程即存在”—综合材料绘画与交互展示创作实践,待核实,待核实,官方MFA专业硕士作品与论文名单；正式题名待封面核对,绘画／交互展示,高,C1 官方题名名单,同济大学官方实验室网站,https://amlab.tongji.edu.cn/info/1531/1582.htm,,来源存档/同济_MFA作品与论文名单.txt,未取得全文PDF,未知：题名不能证明具体研究方法,未知：未取得目录,名单混合“作品与论文”，不能据此断言题名与最终学位论文封面完全一致。
TJ32,同济大学,上海地铁站空间的广告交互设计研究,待核实,待核实,官方MFA专业硕士作品与论文名单；正式题名待封面核对,公共交互,中,C1 官方题名名单,同济大学官方实验室网站,https://amlab.tongji.edu.cn/info/1531/1582.htm,,来源存档/同济_MFA作品与论文名单.txt,未取得全文PDF,未知：题名不能证明具体研究方法,未知：未取得目录,名单混合“作品与论文”，不能据此断言题名与最终学位论文封面完全一致。
TJ33,同济大学,基于移动互联网的汽车后市场服务设计研究,待核实,待核实,官方MFA专业硕士作品与论文名单；正式题名待封面核对,移动服务,中,C1 官方题名名单,同济大学官方实验室网站,https://amlab.tongji.edu.cn/info/1531/1582.htm,,来源存档/同济_MFA作品与论文名单.txt,未取得全文PDF,未知：题名不能证明具体研究方法,未知：未取得目录,名单混合“作品与论文”，不能据此断言题名与最终学位论文封面完全一致。
TJ34,同济大学,自媒体商业模式及服务设计研究,潘雨沛,待核实,官方MFA专业硕士作品与论文名单；正式题名待封面核对,服务设计,中,C1 官方题名名单,同济大学官方实验室网站,https://amlab.tongji.edu.cn/info/1531/1582.htm,https://am.tongji.edu.cn/info/1123/2164.htm,来源存档/同济_MFA作品与论文名单.txt,未取得全文PDF,未知：题名不能证明具体研究方法,未知：未取得目录,名单混合“作品与论文”，不能据此断言题名与最终学位论文封面完全一致。
TJ35,同济大学,基于LEAP MOTION运动感知的设计教育卡片系统的交互设计,待核实,待核实,官方MFA专业硕士作品与论文名单；正式题名待封面核对,教育／手势,高,C1 官方题名名单,同济大学官方实验室网站,https://amlab.tongji.edu.cn/info/1531/1582.htm,,来源存档/同济_MFA作品与论文名单.txt,未取得全文PDF,未知：题名不能证明具体研究方法,未知：未取得目录,名单混合“作品与论文”，不能据此断言题名与最终学位论文封面完全一致。
TJ36,同济大学,基于多人协作的触屏桌面教育系统交互设计,张洁琼,待核实,官方MFA专业硕士作品与论文名单；正式题名待封面核对,教育／触屏,高,C1 官方题名名单,同济大学官方实验室网站,https://amlab.tongji.edu.cn/info/1531/1582.htm,https://am.tongji.edu.cn/info/1123/2164.htm,来源存档/同济_MFA作品与论文名单.txt,未取得全文PDF,未知：题名不能证明具体研究方法,未知：未取得目录,名单混合“作品与论文”，不能据此断言题名与最终学位论文封面完全一致。
TJ37,同济大学,基于手机与公共屏幕的多人交互儿童动画,待核实,待核实,官方MFA专业硕士作品与论文名单；正式题名待封面核对,移动端／儿童交互,中,C1 官方题名名单,同济大学官方实验室网站,https://amlab.tongji.edu.cn/info/1531/1582.htm,,来源存档/同济_MFA作品与论文名单.txt,未取得全文PDF,未知：题名不能证明具体研究方法,未知：未取得目录,名单混合“作品与论文”，不能据此断言题名与最终学位论文封面完全一致。
TJ38,同济大学,基于平板与公共屏幕的交互三维儿童动画,待核实,待核实,官方MFA专业硕士作品与论文名单；正式题名待封面核对,平板交互,中,C1 官方题名名单,同济大学官方实验室网站,https://amlab.tongji.edu.cn/info/1531/1582.htm,,来源存档/同济_MFA作品与论文名单.txt,未取得全文PDF,未知：题名不能证明具体研究方法,未知：未取得目录,名单混合“作品与论文”，不能据此断言题名与最终学位论文封面完全一致。
TJ39,同济大学,实时影像与虚拟角色的交互体验——展示用增强现实趣味互动设计,待核实,待核实,官方MFA专业硕士作品与论文名单；正式题名待封面核对,AR交互,中,C1 官方题名名单,同济大学官方实验室网站,https://amlab.tongji.edu.cn/info/1531/1582.htm,,来源存档/同济_MFA作品与论文名单.txt,未取得全文PDF,未知：题名不能证明具体研究方法,未知：未取得目录,名单混合“作品与论文”，不能据此断言题名与最终学位论文封面完全一致。
TJ40,同济大学,基于平板与触屏的交互儿童动画,待核实,待核实,官方MFA专业硕士作品与论文名单；正式题名待封面核对,儿童／触屏,高,C1 官方题名名单,同济大学官方实验室网站,https://amlab.tongji.edu.cn/info/1531/1582.htm,,来源存档/同济_MFA作品与论文名单.txt,未取得全文PDF,未知：题名不能证明具体研究方法,未知：未取得目录,名单混合“作品与论文”，不能据此断言题名与最终学位论文封面完全一致。
TJ41,同济大学,"""宁静致远“— 虚拟交互技术与传统水墨",待核实,待核实,官方MFA专业硕士作品与论文名单；正式题名待封面核对,绘画／虚拟交互,高,C1 官方题名名单,同济大学官方实验室网站,https://amlab.tongji.edu.cn/info/1531/1582.htm,,来源存档/同济_MFA作品与论文名单.txt,未取得全文PDF,未知：题名不能证明具体研究方法,未知：未取得目录,名单混合“作品与论文”，不能据此断言题名与最终学位论文封面完全一致。
TJ42,同济大学,基于敏捷设计思维的交互设计工具研究与制作,朱奕达,待核实,官方已结题研究生毕业论文；具体学位待核实,交互设计／用户研究,高,C1 官方题名名单,同济大学艺术与传媒学院官网,https://am.tongji.edu.cn/info/1123/2164.htm,,来源存档/同济_用户研究实验室.txt,未取得全文PDF,未知：题名不能证明具体研究方法,未知：未取得目录,不能把入学级别年份当作毕业年份；不从题目推定实验结果。
TJ43,同济大学,面向用户测试数据的可视化分析系统研究与设计,钱露露,待核实,官方已结题研究生毕业论文；具体学位待核实,交互设计／用户研究,高,C1 官方题名名单,同济大学艺术与传媒学院官网,https://am.tongji.edu.cn/info/1123/2164.htm,,来源存档/同济_用户研究实验室.txt,未取得全文PDF,未知：题名不能证明具体研究方法,未知：未取得目录,不能把入学级别年份当作毕业年份；不从题目推定实验结果。
TJ44,同济大学,基于车内交互场景的用户参与式手势设计,谭雨欣,待核实,官方已结题研究生毕业论文；具体学位待核实,交互设计／用户研究,中,C1 官方题名名单,同济大学艺术与传媒学院官网,https://am.tongji.edu.cn/info/1123/2164.htm,,来源存档/同济_用户研究实验室.txt,未取得全文PDF,未知：题名不能证明具体研究方法,未知：未取得目录,不能把入学级别年份当作毕业年份；不从题目推定实验结果。
TJ45,同济大学,基于红绿灯路口场景下的汽车安全驾驶行为研究-以HUD上的交互设计为例,王亚娜,待核实,官方已结题研究生毕业论文；具体学位待核实,交互设计／用户研究,中,C1 官方题名名单,同济大学艺术与传媒学院官网,https://am.tongji.edu.cn/info/1123/2164.htm,,来源存档/同济_用户研究实验室.txt,未取得全文PDF,未知：题名不能证明具体研究方法,未知：未取得目录,不能把入学级别年份当作毕业年份；不从题目推定实验结果。
SJ01,上海交通大学,触摸屏界面通用设计原则研究,刘思文,2009,设计艺术学；硕士（公开片段封面）,触屏／可用性,最高,B2 第三方摘要与论文片段,第三方片段／镜像,https://www.doczj.com/doc/0419716668.html,,,未取得全文PDF,触屏及界面概念 → 可用性、人因和用户研究 → 案例与设计原则 → 工业触屏项目 → 用户评价与迭代。,摘要按章介绍：背景与方法 → 技术及概念 → 理论基础 → 通用原则 → 项目设计与评价。未取得完整目录。,页面是资料汇编而非校方全文库；年份、专业来自所展示片段，正式引用仍需核对原件。
SJ02,上海交通大学,基于决策实验室法的轿车内饰用户体验研究,高奎,2022,工业设计工程；硕士（镜像题录）,用户体验／需求分析,高,B2 镜像题录与摘要,第三方片段／镜像,https://cnki.istiz.org.cn/kcms/detail/detail.aspx?dbcode=CMFD&dbname=CMFD2025&filename=1024327548.nh,,,未取得全文PDF,文献与用户、设计师研究 → 初始体验因素 → 问卷及因子分析 → DEMATEL分析因素关系 → 设计策略与方案验证。,未知：未取得目录。上述为摘要归纳的研究顺序，不能当作真实章节。,来源为非CNKI官方域名镜像；摘要中的方法线索可用于检索，元数据及结果需校方／数据库核验。
SJ03,上海交通大学,基于用户体验的汽车智能中控HMI设计研究,陈晓华,2020,硕士（公开期刊参考文献标注）；专业待核实,HMI／用户体验,高,C2 文献引用线索,公开学术文章的参考文献,https://pdf.hanspub.org/design20230400000_45202787.pdf,,,未取得全文PDF,未知：仅取得被引题录,未知：未取得目录,DOI线索：10.27307/d.cnki.gsjtu.2020.001538。链接为引用该论文的期刊文章，不是学位论文PDF。
SJ04,上海交通大学,电子支付网站用户帮助平台的用户体验研究与设计,章诗琦,2013,硕士（公开参考文献标注）；专业待核实,网站／用户帮助,高,C2 文献引用线索,公开学术文章的参考文献,https://pdf.hanspub.org/fin2024144_321141094.pdf,,,未取得全文PDF,未知：仅取得被引题录,未知：未取得目录,链接为引用该论文的期刊文章，不是学位论文PDF。
SJ05,上海交通大学,儿童认知风格对移动数字化早期教育产品的交互设计的影响之研究,彭琼,2010,学位论文[D]；硕士层次及专业待馆藏核实,移动教育／认知风格,高,C2 文献引用线索,公开学术文章的参考文献,https://cbkx.whu.edu.cn/jwk3/cbkx/CN/article/downloadArticleFile.do?attachType=PDF&id=5571,,,未取得全文PDF,未知：仅取得被引题录,未知：未取得目录,来源为《出版科学》论文参考文献；不是目标学位论文全文。
